<?xml version="1.0"?>
<data grt_format="2.0">
  <value _ptr_="000001F1B4AD3470" type="list" content-type="object" content-struct-name="db.mgmt.Connection">
    <value type="object" struct-name="db.mgmt.Connection" id="{46985132-BD13-4F6D-85E2-435E1803B874}" struct-checksum="0x96ba47d8">
      <link type="object" struct-name="db.mgmt.Driver" key="driver">com.mysql.rdbms.mysql.driver.native</link>
      <value type="string" key="hostIdentifier">Mysql@localhost:3306</value>
      <value type="int" key="isDefault">0</value>
      <value _ptr_="000001F1B4DE9F00" type="dict" key="modules"/>
      <value _ptr_="000001F1B4DEA5C0" type="dict" key="parameterValues">
        <value type="string" key="hostName">localhost</value>
        <value type="int" key="port">3306</value>
        <value type="string" key="userName">root</value>
      </value>
      <value type="string" key="name">Local instance MySQL</value>
      <link type="object" struct-name="GrtObject" key="owner">{FFBE5133-08ED-46FA-BBBF-2842B45BFEBD}</link>
    </value>
    <value type="object" struct-name="db.mgmt.Connection" id="{48C2B6A3-E847-4C68-916A-EA73F07BAF02}" struct-checksum="0x96ba47d8">
      <link type="object" struct-name="db.mgmt.Driver" key="driver">com.mysql.rdbms.mysql.driver.native</link>
      <value type="string" key="hostIdentifier">Mysql@localhost:3307</value>
      <value type="int" key="isDefault">0</value>
      <value _ptr_="000001F1B4DEAB60" type="dict" key="modules"/>
      <value _ptr_="000001F1B4DEB460" type="dict" key="parameterValues">
        <value type="string" key="hostName">localhost</value>
        <value type="int" key="port">3307</value>
        <value type="string" key="userName">root</value>
      </value>
      <value type="string" key="name">Local instance MySQL80</value>
      <link type="object" struct-name="GrtObject" key="owner">{FFBE5133-08ED-46FA-BBBF-2842B45BFEBD}</link>
    </value>
  </value>
</data>
